threads,op,group,lib,t_min,t_med,reps,footprint,agreement
1,erode,r1,nbmorph,0.02397487498819828,0.024608041043393314,5,27,reference
1,erode,r1,fastmorph,0.16697795799700543,0.16779945802409202,5,27,identical
1,erode,r1,scipy,0.6823296670336276,0.685554416035302,3,27,identical
1,erode,r1,scipy (binary),0.3428139169700444,0.343124125036411,5,27,same support
1,dilate,r1,nbmorph,0.39819066697964445,0.3984632500214502,5,27,reference
1,dilate,r1,fastmorph,0.4422050830326043,0.44325333397137,5,27,same support
1,dilate,r1,scipy,0.35391937498934567,0.3551115409936756,5,27,same support
1,dilate,r1,scipy (binary),0.1561450830195099,0.15683770802570507,5,27,same support
1,erode,rR,nbmorph,0.028872125025372952,0.029433417017571628,5,171,reference
1,erode,rR,fastmorph,0.3271577500272542,0.32912783400388435,5,343,different
1,erode,rR,fastmorph (EDT),0.7625054160016589,0.7674359580269083,3,123,different
1,erode,rR,scipy (box^R),1.9519824999733828,1.9526163330301642,3,343,different
1,erode,rR,scipy,5.456218125007581,5.471359791990835,3,123,different
1,erode,rR,scipy (binary),0.8238456249819137,0.8252999169635586,3,123,different
1,dilate,rR,nbmorph,0.12529762502526864,0.12646483298158273,5,171,reference
1,dilate,rR,fastmorph,0.5576196669717319,0.5582653540186584,4,343,different
1,dilate,rR,scipy (box^R),1.0275748330168426,1.0288830409990624,3,343,different
1,dilate,rR,scipy,2.7591492499923334,2.763343208003789,3,123,different
1,dilate,rR,scipy (binary),0.16783591697458178,0.16813412500778213,5,123,different
10,erode,r1,nbmorph,0.011846792011056095,0.01216679101344198,5,27,reference
10,erode,r1,fastmorph,0.05240295798284933,0.053556500002741814,5,27,identical
10,erode,r1,scipy,0.6841619590413757,0.6854183329851367,3,27,identical
10,erode,r1,scipy (binary),0.34245229099178687,0.34368450002511963,5,27,same support
10,dilate,r1,nbmorph,0.06300387502415106,0.06537754199234769,5,27,reference
10,dilate,r1,fastmorph,0.09443979198113084,0.09585229196818545,5,27,same support
10,dilate,r1,scipy,0.35502908402122557,0.3561742919846438,5,27,same support
10,dilate,r1,scipy (binary),0.15631491702515632,0.15779929200652987,5,27,same support
10,erode,rR,nbmorph,0.014239791955333203,0.01466945803258568,5,171,reference
10,erode,rR,fastmorph,0.08682912500808015,0.08756345795700327,5,343,different
10,erode,rR,fastmorph (EDT),0.149263208033517,0.14980966702569276,5,123,different
10,erode,rR,scipy (box^R),1.9521524580195546,1.952186457987409,3,343,different
10,erode,rR,scipy,5.458748875011224,5.523172041983344,3,123,different
10,erode,rR,scipy (binary),0.8282057080068626,0.8285874580033123,3,123,different
10,dilate,rR,nbmorph,0.03452679101610556,0.035371458041481674,5,171,reference
10,dilate,rR,fastmorph,0.11938425002153963,0.12006070802453905,5,343,different
10,dilate,rR,scipy (box^R),1.0282432499807328,1.0293681669863872,3,343,different
10,dilate,rR,scipy,2.8334242919809185,2.894328083959408,3,123,different
10,dilate,rR,scipy (binary),0.1686967919813469,0.16892708296654746,5,123,different
